id,timestamp,value,status,category,priority
87859b23,2025-09-17T22:08:40.661990,744,failed,A,high
c9a3b339,2025-09-17T22:08:40.661990,379,pending,C,medium
ccbc30af,2025-09-17T22:08:40.661990,178,active,D,high
e9dea940,2025-09-17T22:08:40.661990,345,active,B,low
fe94c5e0,2025-09-17T22:08:40.661990,867,completed,C,medium
738d1340,2025-09-17T22:08:40.661990,953,pending,A,low
1b8705ef,2025-09-17T22:08:40.661990,910,failed,D,high
a0eee788,2025-09-17T22:08:40.661990,27,completed,C,low
c5e15adb,2025-09-17T22:08:40.661990,217,pending,C,high
593d1a81,2025-09-17T22:08:40.661990,614,active,A,high
231d64ed,2025-09-17T22:08:40.661990,759,completed,D,medium
59275df8,2025-09-17T22:08:40.661990,995,failed,B,low
2a2b5d64,2025-09-17T22:08:40.661990,712,completed,D,high
5710423b,2025-09-17T22:08:40.662988,209,failed,B,medium
a6222abc,2025-09-17T22:08:40.662988,10,failed,C,high
02bb0061,2025-09-17T22:08:40.662988,40,active,B,high
e7594767,2025-09-17T22:08:40.662988,252,completed,B,low
f29eaf33,2025-09-17T22:08:40.662988,427,active,B,high
766e91f7,2025-09-17T22:08:40.662988,148,pending,B,high
2c11bc81,2025-09-17T22:08:40.662988,535,active,C,high
2025-09-17T22:09:20.136659 - Modified

2025-09-17T22:09:20.136659 - Modified

2025-09-17T22:09:20.137656 - Modified
